{
  "version": 1,
  "width": 80,
  "height": 30,
  "duration": 25.433108,
  "command": "/usr/local/Cellar/bash/4.3.33/bin/bash",
  "title": "",
  "env": {
    "TERM": "xterm",
    "SHELL": "/usr/local/Cellar/bash/4.3.33/bin/bash"
  },
  "stdout": [
    [
      0.019100,
      "\u001b]6;1;bg;*;default\u0007"
    ],
    [
      0.129191,
      "$ "
    ],
    [
      0.780196,
      "c"
    ],
    [
      0.000019,
      "url 'l"
    ],
    [
      0.000004,
      "o"
    ],
    [
      0.000007,
      "c"
    ],
    [
      0.000011,
      "a"
    ],
    [
      0.000004,
      "l"
    ],
    [
      0.000010,
      "h"
    ],
    [
      0.000033,
      "o"
    ],
    [
      0.000019,
      "s"
    ],
    [
      0.000006,
      "t:9"
    ],
    [
      0.000014,
      "2"
    ],
    [
      0.000004,
      "0"
    ],
    [
      0.000004,
      "0"
    ],
    [
      0.000014,
      "/"
    ],
    [
      0.000009,
      "t"
    ],
    [
      0.000006,
      "e"
    ],
    [
      0.000014,
      "s"
    ],
    [
      0.000010,
      "t"
    ],
    [
      0.000021,
      "/"
    ],
    [
      0.000005,
      "a"
    ],
    [
      0.000003,
      "r"
    ],
    [
      0.000013,
      "t"
    ],
    [
      0.000004,
      "i"
    ],
    [
      0.000013,
      "c"
    ],
    [
      0.000013,
      "l"
    ],
    [
      0.000014,
      "e"
    ],
    [
      0.000013,
      "s"
    ],
    [
      0.000010,
      "/"
    ],
    [
      0.000013,
      "_"
    ],
    [
      0.000013,
      "s"
    ],
    [
      0.000013,
      "e"
    ],
    [
      0.000032,
      "a"
    ],
    [
      0.000006,
      "rc"
    ],
    [
      0.000014,
      "h"
    ],
    [
      0.000005,
      "?"
    ],
    [
      0.000029,
      "q"
    ],
    [
      0.000010,
      "="
    ],
    [
      0.000017,
      "*"
    ],
    [
      0.000016,
      ":"
    ],
    [
      0.000015,
      "*"
    ],
    [
      0.000015,
      "\u0026"
    ],
    [
      0.000015,
      "p"
    ],
    [
      0.000016,
      "r"
    ],
    [
      0.000015,
      "e"
    ],
    [
      0.000016,
      "t"
    ],
    [
      0.000015,
      "t"
    ],
    [
      0.000016,
      "y"
    ],
    [
      0.000021,
      "'"
    ],
    [
      1.437267,
      "\r\n"
    ],
    [
      0.016351,
      "{\r\n  \"took\" : 1,\r\n  \"timed_out\" : false,\r\n  \"_shards\" : {\r\n    \"total\" : 1,\r\n"
    ],
    [
      0.000012,
      "    \"successful\" : 1,\r\n    \"failed\" : 0\r\n  },\r\n  \"hits\" : {\r\n    \"total\" : 0,\r\n    \"max_score\" : null,\r\n    \"hits\" : [ ]\r\n  }\r\n}\r\n"
    ],
    [
      0.017986,
      "$ "
    ],
    [
      2.575178,
      "p"
    ],
    [
      0.000008,
      "sql "
    ],
    [
      0.000013,
      "-c"
    ],
    [
      0.000004,
      " "
    ],
    [
      0.000010,
      "'"
    ],
    [
      0.000004,
      "S"
    ],
    [
      0.000023,
      "EL"
    ],
    [
      0.000006,
      "E"
    ],
    [
      0.000003,
      "C"
    ],
    [
      0.000003,
      "T"
    ],
    [
      0.000003,
      " "
    ],
    [
      0.000017,
      "* F"
    ],
    [
      0.000011,
      "R"
    ],
    [
      0.000005,
      "O"
    ],
    [
      0.000013,
      "M"
    ],
    [
      0.000010,
      " "
    ],
    [
      0.000012,
      "a"
    ],
    [
      0.000009,
      "r"
    ],
    [
      0.000021,
      "t"
    ],
    [
      0.000005,
      "i"
    ],
    [
      0.000025,
      "c"
    ],
    [
      0.000010,
      "l"
    ],
    [
      0.000019,
      "e"
    ],
    [
      0.000010,
      "s"
    ],
    [
      0.000032,
      "'"
    ],
    [
      0.758736,
      "\r\n"
    ],
    [
      0.046263,
      " id | title | content | created_at \r\n"
    ],
    [
      0.000352,
      "----+-------+---------+------------\r\n(0 rows)\r\n\r\n"
    ],
    [
      0.018977,
      "$ "
    ],
    [
      2.503358,
      "p"
    ],
    [
      0.000007,
      "sq"
    ],
    [
      0.000007,
      "l"
    ],
    [
      0.000003,
      " "
    ],
    [
      0.000010,
      "-"
    ],
    [
      0.000004,
      "c"
    ],
    [
      0.000010,
      " "
    ],
    [
      0.000004,
      "\""
    ],
    [
      0.000025,
      "IN"
    ],
    [
      0.000006,
      "SE"
    ],
    [
      0.000003,
      "R"
    ],
    [
      0.000013,
      "T"
    ],
    [
      0.000005,
      " "
    ],
    [
      0.000003,
      "I"
    ],
    [
      0.000016,
      "N"
    ],
    [
      0.000005,
      "T"
    ],
    [
      0.000003,
      "O"
    ],
    [
      0.000016,
      " "
    ],
    [
      0.000005,
      "a"
    ],
    [
      0.000003,
      "r"
    ],
    [
      0.000014,
      "t"
    ],
    [
      0.000009,
      "i"
    ],
    [
      0.000037,
      "c"
    ],
    [
      0.000006,
      "le"
    ],
    [
      0.000003,
      "s"
    ],
    [
      0.000015,
      " "
    ],
    [
      0.000005,
      "("
    ],
    [
      0.000015,
      "t"
    ],
    [
      0.000009,
      "i"
    ],
    [
      0.000014,
      "t"
    ],
    [
      0.000009,
      "l"
    ],
    [
      0.000014,
      "e"
    ],
    [
      0.000013,
      ","
    ],
    [
      0.000012,
      " "
    ],
    [
      0.000018,
      "c"
    ],
    [
      0.000005,
      "o"
    ],
    [
      0.000010,
      "n"
    ],
    [
      0.000012,
      "t"
    ],
    [
      0.000013,
      "e"
    ],
    [
      0.000013,
      "n"
    ],
    [
      0.000014,
      "t"
    ],
    [
      0.000013,
      ","
    ],
    [
      0.000012,
      " "
    ],
    [
      0.000013,
      "c"
    ],
    [
      0.000017,
      "r"
    ],
    [
      0.000004,
      "e"
    ],
    [
      0.000009,
      "a"
    ],
    [
      0.000011,
      "t"
    ],
    [
      0.000009,
      "e"
    ],
    [
      0.000009,
      "d"
    ],
    [
      0.000009,
      "_"
    ],
    [
      0.000012,
      "a"
    ],
    [
      0.000012,
      "t"
    ],
    [
      0.000023,
      ") "
    ],
    [
      0.000007,
      "V"
    ],
    [
      0.000010,
      "A"
    ],
    [
      0.000011,
      "L"
    ],
    [
      0.000022,
      "U"
    ],
    [
      0.000014,
      "E"
    ],
    [
      0.000013,
      "S"
    ],
    [
      0.000011,
      " "
    ],
    [
      0.000020,
      "("
    ],
    [
      0.000009,
      "'"
    ],
    [
      0.000016,
      "f"
    ],
    [
      0.000011,
      "o"
    ],
    [
      0.000011,
      "o"
    ],
    [
      0.000011,
      "'"
    ],
    [
      0.000012,
      ","
    ],
    [
      0.000013,
      " "
    ],
    [
      0.000019,
      "'"
    ],
    [
      0.000006,
      "s"
    ],
    [
      0.000019,
      "p"
    ],
    [
      0.000032,
      "i \r"
    ],
    [
      0.000020,
      "k"
    ],
    [
      0.000011,
      "e',"
    ],
    [
      0.000002,
      " "
    ],
    [
      0.000007,
      "N"
    ],
    [
      0.000003,
      "o"
    ],
    [
      0.000008,
      "w"
    ],
    [
      0.000010,
      "("
    ],
    [
      0.000009,
      ")"
    ],
    [
      0.000003,
      ")"
    ],
    [
      0.000019,
      ";\""
    ],
    [
      0.862091,
      "\r\n"
    ],
    [
      0.222656,
      "INSERT 0 1\r\n"
    ],
    [
      0.020435,
      "$ "
    ],
    [
      2.253971,
      "p"
    ],
    [
      0.000007,
      "sq"
    ],
    [
      0.000007,
      "l "
    ],
    [
      0.000010,
      "-"
    ],
    [
      0.000004,
      "c"
    ],
    [
      0.000004,
      " "
    ],
    [
      0.000011,
      "'"
    ],
    [
      0.000026,
      "S"
    ],
    [
      0.000006,
      "E"
    ],
    [
      0.000004,
      "L"
    ],
    [
      0.000010,
      "E"
    ],
    [
      0.000004,
      "C"
    ],
    [
      0.000013,
      "T"
    ],
    [
      0.000004,
      " "
    ],
    [
      0.000014,
      "*"
    ],
    [
      0.000004,
      " "
    ],
    [
      0.000025,
      "F"
    ],
    [
      0.000008,
      "R"
    ],
    [
      0.000011,
